{"downloaded_at": 1780080776.1833255, "expires_at": 1780167176.183327}